ItemLookupcode,Product_Line,Item_description ,G,Ke,Ko,N,O,"Condiments, Sauces and seasonings",Cookies and Crackers ,Cooking and baking,Health and Protein bars ,Savoury and Salty Snacks,Sweeteners,unique_customers,sales,units,sales_rank
85,Nutilight - No Sugar Added Sweet Nut Spreads,Hazelnut Spread with Cocoa,1,1,1,1,0,0,0,0,0,0,0,194,1475832,192088,1
180,Swerve - Ultimate Sugar Replacement (Foodservice Size),Bulk Icing Sugar Sweetener,1,1,1,1,0,0,0,0,0,0,1,92,975012,6872,2
2392,Nick's Sticks - 100% Grass-Fed Beef Sticks,Grass-Fed Nick's Sticks - Original Beef [25-Pack],1,1,0,1,0,0,0,0,0,1,0,167,968464,13172,3
8259,Swerve - Ultimate Sugar Replacement,Icing Sugar,1,1,1,1,0,0,0,0,0,0,1,195,964928,127412,4
8260,Swerve - Ultimate Sugar Replacement,Granular,1,1,1,1,0,0,0,0,0,0,1,193,943888,125124,5
8532,Joseph's Bakery,Pita,0,0,1,0,0,0,0,0,0,0,0,143,822304,270912,6
2920,SmartSweets - Stevia-Sweetened Gummy Bears,Stevia-Sweetened Sweet Fish - Berry [12-Pack],1,1,0,1,0,0,0,0,0,0,0,221,776432,26016,7
899,GluteNull Bakery - Low Carb Cookies in Clamshell Containers,Keto Lemon Coconut Cookies,1,1,0,1,0,0,1,0,0,0,0,141,727780,115016,8
5530,Joseph's Bakery,Lavash Bread,0,0,1,0,0,0,0,0,0,0,0,125,668756,218976,9
6037,Swerve - Ultimate Sugar Replacement,Brown Sugar,1,1,1,1,0,0,0,0,0,0,1,202,646576,87528,10
9607,PB2 - Powdered Peanut Butter,Large PB2 - Original,1,0,1,1,0,0,0,0,0,0,0,143,633748,74436,11
8679,Carbquik,Carbquik - Complete Biscuit and Baking Mix,0,1,1,0,0,0,0,1,0,0,0,142,570340,42608,12
912,Anthony's Goods,Organic Oat Fibre,1,1,0,1,1,0,0,1,0,0,0,162,561060,55236,13
8510,KZ Clean Eating - Paleo Friendly Breakfast Foods,Large Breakfast Cereal - Chunky Musli ,1,1,0,1,0,0,0,0,0,0,0,76,556424,42628,14
8512,KZ Clean Eating - High Fibre Scandinavian Crispbreads and Crackers,High Fibre Scandinavian Cracker - Parmesan,1,1,0,1,0,0,1,0,0,0,0,138,553560,74248,15
938,SmartSweets - Stevia-Sweetened Gummy Bears,Stevia-Sweetened Gummy Bears - Fruity [12-Pack],1,1,0,1,0,0,0,0,0,0,0,207,464592,15492,16
2393,Nick's Sticks - 100% Grass-Fed Beef Sticks,Grass-Fed Nick's Sticks - Spicy Beef [25-Pack],1,1,0,1,0,0,0,0,0,1,0,121,446688,6044,17
9515,Dixie Diner's Club - Monk Fruit Sweetener,Monk Fruit Spoonable Natural Sugar Replacement,1,1,0,1,0,0,0,0,0,0,1,82,445328,28812,18
7817,Swerve - Ultimate Sugar Replacement (Foodservice Size),Bulk Granular Sweetener,1,1,1,1,0,0,0,0,0,0,1,70,444688,3232,19
901,HoldTheCarbs - Low Carb Bake Mixes,Large Regular Almond Flour Pancake and Waffle Mix,1,1,0,1,0,0,0,1,0,0,0,113,440796,35940,20
5531,Joseph's Bakery,Tortillas,0,0,1,0,0,0,0,0,0,0,0,124,426276,139104,21
5044,GluteNull Bakery - Low Carb Cookies in Clamshell Containers,Keto ChocoLin Flax Cookies,1,1,0,1,0,0,1,0,0,0,0,120,421448,67416,22
1411,Joseph's Bakery,Mini Pita ,0,0,1,0,0,0,0,0,0,0,0,110,410052,134668,23
6130,SmartSweets - Stevia-Sweetened Gummy Bears,Stevia-Sweetened Peach Rings [12-Pack],1,1,0,1,0,0,0,0,0,0,0,184,408552,14008,24
8911,KZ Clean Eating - Paleo Friendly Breakfast Foods,Small Breakfast Cereal - Chunky Musli ,1,1,0,1,0,0,0,0,0,0,0,138,402060,51248,25
907,Anthony's Goods,Blanched Extra-Fine Almond Flour,1,1,0,1,0,0,0,1,0,0,0,80,399600,20360,26
902,HoldTheCarbs - Low Carb Bake Mixes,Large Regular Almond Flour Pizza Crust Mix,1,1,0,1,0,0,0,1,0,0,0,115,397724,35840,27
983,HoldTheCarbs - Low Carb Bake Mixes,Large Regular Almond Flour Muffin Mix,1,1,0,1,0,0,0,1,0,0,0,103,383504,34568,28
2922,SmartSweets - Stevia-Sweetened Gummy Bears,Stevia-Sweetened Sour Blasted Buddies [12-Pack],1,1,0,1,0,0,0,0,0,0,0,195,373204,12440,29
693,KZ Clean Eating - Paleo Friendly Breakfast Foods,Small Breakfast Cereal - Chocolate & Strawberry,1,1,0,1,0,0,0,0,0,0,0,119,361328,46152,30
898,GluteNull Bakery - Low Carb Cookies in Clamshell Containers,Keto Hemp Cookies,1,1,0,1,0,0,1,0,0,0,0,108,348676,55332,31
2139,Krisda - Zero Sugar Chocolate Chips (Retail Size),Semi Sweet Chocolatey Chips,1,1,1,1,0,0,0,1,0,0,0,173,317400,54364,32
432,Nuco - Coconut Products,Coconut Crunch Cereal,1,1,1,1,1,0,0,0,0,0,0,121,306508,39608,33
9608,PB2 - Powdered Peanut Butter,Large PB2 - Chocolate,1,0,1,1,0,0,0,0,0,0,0,92,304904,36112,34
8513,KZ Clean Eating - High Fibre Scandinavian Crispbreads and Crackers,High Fibre Scandinavian Cracker - Tomato Onion,1,1,0,1,0,0,1,0,0,0,0,111,298156,40028,35
2986,Krisda - Bulk Baking Ingredients (Foodservice Size),Bulk Sugar Free Chocolate Chips,1,1,1,1,0,0,0,0,0,0,1,76,289580,3128,36
5043,GluteNull Bakery - Low Carb Cookies in Clamshell Containers,Keto Almond Cookies,1,1,0,1,0,0,1,0,0,0,0,77,288148,46048,37
2279,KZ Clean Eating - Paleo Friendly Breakfast Foods,Large Breakfast Cereal - Chocolate & Strawberry,1,1,0,1,0,0,0,0,0,0,0,56,276628,21448,38
911,Anthony's Goods,Cassava Flour,1,0,0,1,0,0,0,1,0,0,0,88,258020,24172,39
909,Anthony's Goods,Organic Psyllium Husk Powder,1,1,0,1,1,0,0,1,0,0,0,92,256120,19172,40
1315U,Miracle Noodle - Konnyaku (Shirataki) Noodles,Shirataki Noodle - Angel Hair,1,1,1,1,0,0,0,0,0,0,0,134,244128,96660,41
2704,GluteNull Bakery - Organic Bars in Clamshell Containers,Organic Raw Coco D'Lish Bar,1,1,0,1,1,0,1,0,0,0,0,50,239016,37456,42
8511,KZ Clean Eating - High Fibre Scandinavian Crispbreads and Crackers,High Fibre Scandinavian Organic Crispbread - Chia,0,1,0,1,1,0,1,0,0,0,0,84,233896,31744,43
9525,SugarLike - Zero Calorie Natural Sweeteners,Sweetener with Monk Fruit - Small Pouch,1,1,1,1,0,0,0,0,0,0,1,103,230276,40432,44
8681,PB2 - Powdered Peanut Butter,Small PB2 - Original,1,0,1,1,0,0,0,0,0,0,0,128,228724,47092,45
2767,Crazy Mooskies - No Sugar Added Ketchup,No Sugar Added Ketchup with Stevia - Original,1,1,1,1,0,1,0,0,0,0,0,176,223788,45252,46
84,Crazy Mooskies - No Sugar Added BBQ Sauces,No Sugar Added BBQ Sauce - Original,1,1,1,0,0,1,0,0,0,0,0,168,222828,45420,47
694,KZ Clean Eating - High Fibre Scandinavian Crispbreads and Crackers,High Fibre Scandinavian Organic Crispbread,0,1,0,1,1,0,1,0,0,0,0,112,222240,30268,48
908,Anthony's Goods,Nutritional Yeast Flakes,1,1,0,1,0,0,0,1,0,0,0,47,216204,15412,49
1316U,Miracle Noodle - Konnyaku (Shirataki) Noodles,Shirataki Noodle - Fettuccine,1,1,1,1,0,0,0,0,0,0,0,110,208756,82528,50
2305,GluteNull Bakery - Cookies in Clamshell Containers,Ginger Square Gingerbread,1,0,0,1,0,0,1,0,0,0,0,45,203824,32132,51
2302,GluteNull Bakery - Gluten-Free Granola,Quinoa Granola,1,0,0,1,0,0,0,0,0,0,0,28,175976,27452,52
2523,GluteNull Bakery - Organic Bars in Clamshell Containers,Organic Raw Hemp Energy Bar,1,0,0,1,1,0,1,0,0,0,0,35,174176,27668,53
83,Crazy Mooskies - No Sugar Added BBQ Sauces,No Sugar Added BBQ Sauce - Smok'N Garlic,1,1,1,0,0,1,0,0,0,0,0,117,171040,34844,54
6115,Anthony's Goods,Vital Wheat Gluten,0,1,0,1,0,0,0,1,0,0,0,53,163212,10644,55
541,love good fats - Trays of 12 Keto Bars,Lemon Mousse [12-Pack],1,1,1,1,0,0,0,0,0,0,0,68,160296,8376,56
1313U,Miracle Noodle - Konnyaku (Shirataki) Noodles,Shirataki Noodle - Rice Substitute,1,1,1,1,0,0,0,0,0,0,0,98,152060,60744,57
2705,GluteNull Bakery - Cookies in Clamshell Containers,Goji Berries in Chocolate,1,0,0,1,0,0,1,0,0,0,0,37,145540,22968,58
2706,GluteNull Bakery - Cookies in Clamshell Containers,Coco Moko Shortbread,1,0,0,1,0,0,1,0,0,0,0,42,143712,22548,59
2303,GluteNull Bakery - Organic Bars in Clamshell Containers,Organic Buckwheat Granola Bar,1,0,0,1,1,0,1,0,0,0,0,39,133440,21212,60
0233U,Miracle Noodle - Ready-to-Eat Shirataki Noodle Meals ,Ready-to-Eat Meal - Pad Thai,1,1,0,1,0,0,0,0,0,0,0,126,131256,31876,61
6114,Anthony's Goods,Erythritol Sweetener Granules,1,1,0,1,0,0,0,0,0,0,1,49,128980,9776,62
1098U,Miracle Noodle - Ready-to-Eat Shirataki Noodle Meals ,Ready-to-Eat Meal - Vegan Pho,1,1,0,1,0,0,0,0,0,0,0,93,128876,31080,63
2301,GluteNull Bakery - Cookies in Clamshell Containers,Fruit & Nut Breakfast Bar,1,0,0,1,0,0,1,0,0,0,0,31,127864,20024,64
2522,GluteNull Bakery - Organic Bars in Clamshell Containers,Organic Chia Goji Energy Bar,1,0,0,1,1,0,1,0,0,0,0,30,125680,19808,65
2707,Chickapea Pasta - Organic Chickpea and Lentil Pasta,Chickpea & Lentil Pasta - Spirals,1,0,1,1,1,0,0,0,0,0,0,89,125156,34416,66
1970,OneEarth Functional Foods - Baking and Cooking Ingredients,Organic Coconut Sugar - Large,1,0,0,1,1,0,0,0,0,0,1,23,123444,9992,67
8759,PB2 - Powdered Peanut Butter,Small PB2 - Chocolate,1,0,1,1,0,0,0,0,0,0,0,79,116308,24024,68
543,love good fats - Trays of 12 Keto Bars,Cookies and Cream [12-Pack],1,1,1,1,0,0,0,0,0,0,0,72,115984,6004,69
2848,HoldTheCarbs - Low Carb Bake Mixes,Large Regular Almond Flour Brownie Mix,1,1,0,0,0,0,0,1,0,0,0,67,111044,10072,70
1726U,Miracle Noodle - Konnyaku (Shirataki) Noodles,Shirataki Noodle - Spinach Angel Hair,1,1,1,1,0,0,0,0,0,0,0,55,110800,43060,71
1040U,Miracle Noodle - Organic Konnyaku (Shirataki) Noodles,Shirataki Noodle - Organic Spaghetti,1,1,1,1,1,0,0,0,0,0,0,82,106756,35728,72
1095U,Miracle Noodle - Ready-to-Eat Shirataki Noodle Meals ,Ready-to-Eat Meal - Spaghetti with Marinara Sauce,1,1,0,1,0,0,0,0,0,0,0,99,104460,25312,73
545,love good fats - Trays of 12 Chewy-Nutty Keto Bars,Chocolatey Almond Chewy-Nutty [12-Pack],1,1,1,1,0,0,0,0,0,0,0,84,103952,5336,74
906,Anthony's Goods,Xanthan Gum,1,1,0,0,0,0,0,1,0,0,0,62,102836,7884,75
5231,BUFF - Artisan Bison Sticks,Small Packages - Bison Sticks [30-Pack],1,1,0,1,0,0,0,0,0,1,0,69,102692,1024,76
5034,Ivanhoe - Shelf-Stable 100% Canadian Cheese Snacks,Nothing but Cheese Pouches - Cheddar,1,1,0,0,0,0,0,0,0,1,0,135,102652,32824,77
2708,Chickapea Pasta - Organic Chickpea and Lentil Pasta,Chickpea & Lentil Pasta - Penne,1,0,1,1,1,0,0,0,0,0,0,90,98672,27136,78
3155,Swerve - Ultimate Sugar Replacement (Foodservice Size),Bulk Brown Sugar Sweetener,1,1,1,1,0,0,0,0,0,0,1,31,97840,664,79
989,Nuco - Coconut Products,Organic Coconut Wraps - Original,1,1,1,1,1,0,0,0,0,0,0,86,97028,15412,80
1727U,Miracle Noodle - Konnyaku (Shirataki) Noodles,Shirataki Noodle - Garlic & Herb Fettuccine,1,1,1,1,0,0,0,0,0,0,0,55,95464,35796,81
2300,GluteNull Bakery - Cookies in Stand-Up Pouches,Quinoa Coconut Cookies,1,0,0,1,0,0,1,0,0,0,0,35,94812,16536,82
2847,HoldTheCarbs - Low Carb Granola,Low Carb Granola - Original,1,1,0,0,0,0,0,0,0,0,0,54,92156,8436,83
1901,True Citrus - Crystallized Citrus,Lemonade - Raspberry,1,1,1,1,0,0,0,0,0,0,0,77,89160,23384,84
529,KZ Clean Eating - Paleo Friendly Breakfast Foods,Grain Free Protein Bread Mix,1,1,0,1,0,0,0,1,0,0,0,79,89028,10192,85
2304,GluteNull Bakery - Cookies in Stand-Up Pouches,Buckwheat Chocolate Cookies,1,0,0,1,0,0,1,0,0,0,0,34,89024,15504,86
1096U,Miracle Noodle - Ready-to-Eat Shirataki Noodle Meals ,Ready-to-Eat Meal - Japanese Curry Noodles,1,1,0,1,0,0,0,0,0,0,0,95,88348,21844,87
780,HoldTheCarbs - Low Carb Bake Mixes,Small Regular Almond Flour Pizza Crust Mix,1,1,0,1,0,0,0,1,0,0,0,93,87800,27448,88
2709,Chickapea Pasta - Organic Chickpea and Lentil Pasta,Chickpea & Lentil Pasta - Shells,1,0,1,1,1,0,0,0,0,0,0,67,87196,23952,89
2141,Krisda - Zero Sugar Sweeteners (Retail Size),Monk Fruit Pouch,1,1,1,1,0,0,0,0,0,0,1,98,86088,14604,90
2160U,Miracle Noodle - Tengusa (Sea Vegetable) Noodles,Tengusa Dry Noodle Kanten,1,1,1,1,0,0,0,0,0,0,0,53,83436,11892,91
2984,Krisda - Bulk Baking Ingredients (Foodservice Size),Bulk Monk Fruit/Erythritol Blend,1,1,1,1,0,0,0,0,0,0,1,40,82860,692,92
6120,Oh My Okra - Crunchy Vegetable Snack,Oh My Okra,1,1,0,1,0,0,0,0,0,1,0,138,82300,21788,93
5042,GluteNull Bakery - Cookies in Clamshell Containers,Chocolate Chip Cookies ,1,1,0,1,0,0,1,0,0,0,0,39,82248,13024,94
239,Wild Tusker - Organic Coconut Products,Organic Coconut Flour,1,1,1,1,1,0,0,1,0,0,0,76,79888,21472,95
1960,OneEarth Functional Foods - Baking and Cooking Ingredients,Organic Coconut Sugar - Small,1,0,0,1,1,0,0,0,0,0,1,29,79524,16180,96
9337,Nutilight - No Sugar Added Sweet Nut Spreads,Hazelnut Spread with Cocoa and Milk,1,1,1,1,0,0,0,0,0,0,0,16,78508,11308,97
5956,Ross - Chocolate Bars with Stevia,Dark Chocolate with Sea Salt [12-Pack],1,1,0,0,0,0,0,0,0,0,0,111,76424,4228,98
6179,GluteNull Bakery - Gluten-Free Granola,Keto Cherry Almond Granola,1,1,0,1,1,0,0,0,0,0,0,35,75876,12036,99
2985,Krisda - Bulk Baking Ingredients (Foodservice Size),Bulk Xylitol,1,1,1,1,0,0,0,0,0,0,1,22,75184,268,100
1097U,Miracle Noodle - Ready-to-Eat Shirataki Noodle Meals ,Ready-to-Eat Meal - Thai Tom Yum Noodle Soup,1,1,0,1,0,0,0,0,0,0,0,85,74880,18012,101
6620,Krisda - Bulk Baking Ingredients (Foodservice Size),Bulk Organic Erythritol,1,1,1,1,1,0,0,0,0,0,1,18,74104,264,102
82,Crazy Mooskies - No Sugar Added BBQ Sauces,No Sugar Added BBQ Sauce - Island Spice,1,1,1,0,0,1,0,0,0,0,0,89,73880,14980,103
2982,Krisda - Bulk Baking Ingredients (Foodservice Size),Bulk Stevia/Erythritol Blend,1,1,1,1,0,0,0,0,0,0,1,15,71176,592,104
2846,HoldTheCarbs - Low Carb Granola,Low Carb Granola - Caramel,1,1,0,0,0,0,0,0,0,0,0,34,70052,6412,105
5035,Ivanhoe - Shelf-Stable 100% Canadian Cheese Snacks,Nothing but Cheese Pouches - Monterey Jack,1,1,0,0,0,0,0,0,0,1,0,114,69560,22432,106
547,love good fats - Trays of 12 Chewy-Nutty Keto Bars,Coconut Macadamia Chewy-Nutty [12-Pack],1,1,1,1,0,0,0,0,0,0,0,68,69348,3564,107
897,Crazy Mooskies - No Sugar Added BBQ Sauces,No Sugar Added BBQ Sauce - Smokehouse,1,1,1,0,0,1,0,0,0,0,0,76,68468,14584,108
9255,True Citrus - Crystallized Citrus,Packets - True Lemon,1,1,1,1,0,0,0,0,0,0,0,83,67316,20188,109
2766,Crazy Mooskies - No Sugar Added Ketchup,No Sugar Added Ketchup with Stevia - Spicy,1,1,1,1,0,1,0,0,0,0,0,50,66104,13384,110
775,love good fats - Trays of 12 Keto Bars,Mint Chocolate Chip [12-Pack],1,1,1,1,0,0,0,0,0,0,0,63,65260,3368,111
730,love good fats - Trays of 12 Keto Bars,Coconut Chocolate Chip [12-Pack],1,1,1,1,0,0,0,0,0,0,0,67,63176,3228,112
984,HoldTheCarbs - Low Carb Bake Mixes,Small Regular Almond Flour Muffin Mix,1,1,0,1,0,0,0,1,0,0,0,79,63168,19848,113
2162U,Miracle Noodle - Konnyaku (Shirataki) Noodles,Shirataki Noodle - Ziti,1,1,1,1,0,0,0,0,0,0,0,36,62224,23412,114
6162,Wild Tusker - Organic Coconut Products (Foodservice Size),Coconut Milk (Shelf Stable Aseptic Alufoil Pack),1,1,1,1,0,0,0,0,0,0,0,1,62116,1020,115
974,SugarLike - Zero Calorie Natural Sweeteners,Erythritol,1,1,1,1,0,0,0,0,0,0,1,36,60248,9428,116
7816,Swerve - Ultimate Sugar Replacement,Packets,1,1,1,1,0,0,0,0,0,0,1,84,58852,10996,117
0234U,Miracle Noodle - Ready-to-Eat Shirataki Noodle Meals ,Ready-to-Eat Meal - Green Curry,1,1,0,1,0,0,0,0,0,0,0,100,58632,14340,118
81,Crazy Mooskies - No Sugar Added BBQ Sauces,No Sugar Added BBQ Sauce - Crazy Hot,1,1,1,0,0,1,0,0,0,0,0,75,58132,11804,119
2351,True Citrus - Crystallized Citrus,Limeade - Black Cherry ,1,1,1,1,0,0,0,0,0,0,0,57,57316,15040,120
5047,KZ Clean Eating - High Fibre Scandinavian Crispbreads and Crackers,High Fibre Scandinavian Cracker - Cinnamon,1,1,0,1,0,0,1,0,0,0,0,55,57304,8252,121
5958,Ross - Chocolate Bars with Stevia,Dark Chocolate with Hazelnut [12-Pack],1,1,0,0,0,0,0,0,0,0,0,93,55992,3108,122
773,love good fats - Trays of 12 Keto Bars,Rich Chocolatey Almond [12-Pack],1,1,1,1,0,0,0,0,0,0,0,64,54200,2800,123
2845,HoldTheCarbs - Low Carb Granola,Low Carb Granola - Chocolate,1,1,0,0,0,0,0,0,0,0,0,31,52576,4820,124
5232,BUFF - Artisan Bison Sticks,Large Packages - Bison Sticks [12-Pack],1,1,0,1,0,0,0,0,0,1,0,31,51592,528,125
732,love good fats - Trays of 12 Keto Bars,Peanut Butter Chocolatey [12-Pack],1,1,1,1,0,0,0,0,0,0,0,67,51208,2596,126
779,HoldTheCarbs - Low Carb Bake Mixes,Small Regular Almond Flour Pancake and Waffle Mix,1,1,0,1,0,0,0,1,0,0,0,82,51108,20212,127
6250,Nuco - Coconut Products,Organic Coconut Wraps - Turmeric,1,1,1,1,1,0,0,0,0,0,0,45,50716,8128,128
1900,True Citrus - Crystallized Citrus,Lemonade - Original ,1,1,1,1,0,0,0,0,0,0,0,76,50172,13164,129
9256,True Citrus - Crystallized Citrus,Packets - True Lime ,1,1,1,1,0,0,0,0,0,0,0,62,46308,13864,130
8269,SugarLike - Zero Calorie Natural Sweeteners,Sweetener with Monk Fruit - Large Pouch,1,1,1,1,0,0,0,0,0,0,1,20,46076,3968,131
6117,Anthony's Goods,Organic Flaxseed Meal,1,1,0,1,1,0,0,1,0,0,0,31,44848,3716,132
5960,Ross - Chocolate Bars with Stevia,Milk Chocolate with Quinoa [12-Pack],1,1,0,0,0,0,0,0,0,0,0,84,43596,2428,133
1402,Greeniche Natural - Top Purity Stevia,Stevia Sachets,1,0,0,1,0,0,0,0,0,0,1,44,43228,6680,134
243,Wild Tusker - Organic Coconut Products,Organic Virgin Coconut Oil - Large,1,1,1,1,1,0,0,0,0,0,0,13,43128,3372,135
2171,Flavorall - Alcohol-Free Liquid Stevia,Liquid Flavoured Stevia - Creamy Caramel,1,1,1,1,0,0,0,0,0,0,1,76,42920,7036,136
5030,Ivanhoe - Shelf-Stable 100% Canadian Cheese Snacks,Nothing but Cheese Minis - Cheddar,1,1,0,0,0,0,0,0,0,1,0,109,42224,3324,137
2455,Nud Fud,Organic Raw Crackers - Carrot Flax,1,1,0,1,1,0,1,0,0,0,0,31,41216,9200,138
0235U,Miracle Noodle - Ready-to-Eat Shirataki Noodle Meals ,Ready-to-Eat Meal - Vegan Spaghetti Bolognese,1,1,0,1,0,0,0,0,0,0,0,74,41176,9892,139
6113,Anthony's Goods,Organic Coconut Flour,1,1,0,1,1,0,0,1,0,0,0,45,40508,3156,140
5962,Ross - Chocolate Bars with Stevia,Milk Chocolate with Lemon Coconut [12-Pack],1,1,0,0,0,0,0,0,0,0,0,81,39496,2208,141
242,Wild Tusker - Organic Coconut Products,Organic Virgin Coconut Oil - Small,1,1,1,1,1,0,0,0,0,0,0,31,39368,5152,142
559,love good fats - Variety Packs of 12 Keto Bars,Chocolate Lovers Variety Pack [12-Pack],1,1,1,1,0,0,0,0,0,0,0,3,38844,1992,143
2546,GluteNull Bakery - Gluten-Free Granola,Chia Goji Granola Clusters,1,0,0,1,1,0,0,0,0,0,0,165,37544,7156,144
1114,The Garlic Box - Ontario Garlic Sauces and Condiments,Organic Apple Cider & Garlic Vinaigrette,0,1,0,1,0,1,0,0,0,0,0,33,37356,6516,145
2181,Flavorall - Alcohol-Free Liquid Stevia,Liquid Flavoured Stevia - Valliant Vanilla,1,1,1,1,0,0,0,0,0,0,1,74,36876,5988,146
2524,True Citrus - Crystallized Citrus,Lemonade - Strawberry,1,1,1,1,0,0,0,0,0,0,0,52,36708,9628,147
2993,GluteNull Bakery - Single Organic Bars in Trays,Organic Raw Coco D'Lish Bar [30-Pack],1,1,0,1,1,0,0,0,1,0,0,14,35720,644,148
8181,love good fats - Fats Shakes,Chocolate Milkshake,1,1,1,1,0,0,0,0,0,0,0,29,35096,1660,149
2178,Flavorall - Alcohol-Free Liquid Stevia,Liquid Flavoured Stevia - Pure,1,1,1,1,0,0,0,0,0,0,1,59,35032,5568,150
8134,love good fats - Trays of 12 Plant-Based Keto Bars,Chocolate Chip Cookie Dough [12-Pack],1,1,1,1,0,0,0,0,0,0,0,53,34000,1696,151
1115,The Garlic Box - Ontario Garlic Sauces and Condiments,Garlicky Chili Lime Chicken Splash,0,1,0,0,0,1,0,0,0,0,0,48,33984,8896,152
5032,Ivanhoe - Shelf-Stable 100% Canadian Cheese Snacks,Nothing but Cheese Minis - Monterey Jack,1,1,0,0,0,0,0,0,0,1,0,98,33024,2656,153
627,Wild Tusker - Organic Spices,Large Organic Ceylon Cinnamon - Powder,1,1,0,1,1,1,0,0,0,0,0,29,32704,5312,154
1668,NuGo Nutrition - Real Chocolate Protein Bars,Dark Bar - Mint Chocolate Chip [12-Pack],1,0,1,1,0,0,0,0,1,0,0,23,32600,1768,155
910,Anthony's Goods,Organic Ground Ginger Root Powder,1,1,0,1,1,0,0,1,0,0,0,18,32596,4004,156
2172,Flavorall - Alcohol-Free Liquid Stevia,Liquid Flavoured Stevia - Chocolate Choice,1,1,1,1,0,0,0,0,0,0,1,71,31560,5128,157
241,Wild Tusker - Organic Coconut Products,Organic Virgin Coconut Oil - Beauty Size,1,1,1,1,1,0,0,0,0,0,0,21,29180,7072,158
2969,Chickapea Pasta - Organic Chickpea and Lentil Pasta with Vegan Sauce,Vegan Mac,1,0,1,1,1,0,0,0,0,0,0,68,29084,7728,159
2545,GluteNull Bakery - Gluten-Free Granola,Organic Hemp Granola,1,0,0,1,1,0,0,0,0,0,0,58,29000,6920,160
9848,Healthee - Ready to Heat Rice,Organic Ready to Heat Brown Rice - Coconut,1,0,0,1,1,0,0,0,0,0,0,31,27580,10732,161
9849,Healthee - Ready to Heat Rice,Organic Ready to Heat Brown Rice - Turmeric,1,0,0,1,1,0,0,0,0,0,0,30,27352,10628,162
1400,Greeniche Natural - Top Purity Stevia,Stevia Tablets,1,0,0,1,0,0,0,0,0,0,1,41,26848,7392,163
1664,NuGo Nutrition - Real Chocolate Protein Bars,Dark Bar - Chocolate Chip [12-Pack],1,0,1,1,0,0,0,0,1,0,0,25,26696,1432,164
8137,love good fats - Trays of 12 Plant-Based Keto Bars,Peanut Butter and Jam [12-Pack],1,1,1,1,0,0,0,0,0,0,0,36,25904,1368,165
6137,Krisda - Zero Sugar Sweeteners (Retail Size),Organic Erythritol Pouch,1,1,1,1,1,0,0,0,0,0,1,35,25808,4380,166
2967,Chickapea Pasta - Organic Chickpea and Lentil Pasta,Chickpea & Lentil Pasta - Spaghetti,1,0,1,1,1,0,0,0,0,0,0,51,25800,7480,167
2926,Chase Cocktail Mixer,Cola,1,1,0,0,0,0,0,0,0,0,0,52,25784,5560,168
904,HoldTheCarbs - Low Carb Protein Bake Mixes,Large Protein Almond Flour Pancake and Waffle Mix,1,1,0,0,0,0,0,1,0,0,0,18,24612,1940,169
6628,Cup4Cup Gluten Free Flour Blends,Multipurpose Flour Blend,1,0,1,1,0,0,0,1,0,0,0,39,24424,2116,170
1795,Greeniche Natural - Top Purity Stevia,Stevia Jar,1,0,0,1,0,0,0,0,0,0,1,28,24084,4068,171
2183,Flavorall - Alcohol-Free Liquid Stevia,Liquid Flavoured Stevia - Banana Brilliance,1,1,1,1,0,0,0,0,0,0,1,42,22216,3660,172
712, The GFB - Bites,Dark Chocolate Coconut,1,0,1,1,0,0,1,0,0,0,0,48,22112,5984,173
485,Krisda - Zero Sugar Sweeteners (Retail Size),Stevia Pouch,1,1,1,1,0,0,0,0,0,0,1,46,21580,3700,174
3638,hOMe Grown Living Foods  - Keto U-Bake Pizza Crust Mix,Keto U-Bake Pizza Crust Mix - Garlic Rosemary,1,1,0,1,1,0,0,1,0,0,0,39,21508,3400,175
2927,Chase Cocktail Mixer,Tropical Thunder,1,1,0,0,0,0,0,0,0,0,0,46,21068,4408,176
7144,Nature's Pasta - Egg Pasta with Nature's Farm's Own Eggs,Organic Egg Pasta - Fettuccine,0,0,1,1,1,0,0,0,0,0,0,38,20924,6284,177
3634,hOMe Grown Living Foods  - Keto U-Bake Cookie Mix,Keto U-Bake Cookie Mix - Double Chocolate,1,1,0,1,1,0,0,1,0,0,0,60,20920,3324,178
3156,Nolaa Granolaa - Organic Granola,Keto Power Blend Granola,1,1,0,1,1,0,0,0,0,0,0,63,20900,4676,179
2180,Flavorall - Alcohol-Free Liquid Stevia,Liquid Flavoured Stevia - Strawberry Splash,1,1,1,1,0,0,0,0,0,0,1,54,20828,3348,180
486,Krisda - Zero Sugar Sweeteners (Retail Size),Xylitol Pouch,1,1,1,1,0,0,0,0,0,0,1,39,20688,3032,181
2420,Nutridom - Natural Supplements,Chaga Mushroom Tea Grind,1,1,0,1,0,0,0,0,0,0,0,15,20680,944,182
8291U,Miracle Noodle - Organic Konnyaku (Shirataki) Noodles,Shirataki Noodle - Organic Fettuccine,1,1,1,1,1,0,0,0,0,0,0,33,20488,6868,183
2195,The Garlic Box - Ontario Garlic Sauces and Condiments,Olive Tapenade with Garlic,0,0,0,1,0,0,0,0,0,0,0,23,20452,2984,184
1116,The Garlic Box - Ontario Garlic Sauces and Condiments,Ontario Garlic Steak Splash,0,1,0,0,0,1,0,0,0,0,0,43,20392,5364,185
2179,Flavorall - Alcohol-Free Liquid Stevia,Liquid Flavoured Stevia - Radiant Raspberry,1,1,1,1,0,0,0,0,0,0,1,46,20344,3296,186
6336,Codeco Nutrition - Freeze Dried Aronia Powders,Organic Aronia Freeze Dried Powder,1,1,0,1,1,0,0,0,0,0,0,10,20332,1352,187
2989,GluteNull Bakery - Single Organic Bars in Trays,Organic Raw Hemp Energy Bar [30-Pack],1,0,0,1,1,0,0,0,1,0,0,10,20040,360,188
8293U,Miracle Noodle - Organic Konnyaku (Shirataki) Noodles,Shirataki Noodle - Organic Rice,1,1,1,1,1,0,0,0,0,0,0,31,19976,6716,189
2991,GluteNull Bakery - Single Organic Bars in Trays,Organic Buckwheat Granola Bar [30-Pack],1,0,0,1,1,0,0,0,1,0,0,8,19612,352,190
2176,Flavorall - Alcohol-Free Liquid Stevia,Liquid Flavoured Stevia - Lively Lemon,1,1,1,1,0,0,0,0,0,0,1,52,19116,3116,191
2968,Chickapea Pasta - Organic Chickpea and Lentil Pasta,Chickpea & Lentil Pasta - Linguine,1,0,1,1,1,0,0,0,0,0,0,40,19052,5640,192
2424,Indigo - Products with Organic Coconut,Organic MCT Oil,1,1,0,1,1,0,0,0,0,0,0,25,18444,2440,193
2552,MintiQ - Sugar Free Mints,Sugar Free Mints - Yakima Peppermint [6-Pack],1,1,1,1,0,0,0,0,0,0,0,59,18380,2056,194
8182,love good fats - Fats Shakes,Vanilla Milkshake,1,1,1,1,0,0,0,0,0,0,0,20,18228,868,195
2860,Flavorall - Alcohol-Free Liquid Stevia,Liquid Flavoured Stevia - Magnificent Maple,1,1,1,1,0,0,0,0,0,0,1,35,17760,2856,196
1672,NuGo Nutrition - Real Chocolate Protein Bars,Dark Bar - Chocolate Pretzel [12-Pack],1,0,1,1,0,0,0,0,1,0,0,24,17660,956,197
1717,Hot Mamas - Pepper Jellies,Zero Sodium Jelly - Red Pepper,1,0,1,0,0,1,0,0,0,0,0,19,17440,3532,198
9771,"Hot Mamas - Low Sodium, Non-Irradiated Spices and Spice Rubs",Spice Mix - Garlic Lovers,1,1,1,1,0,1,0,0,0,0,0,17,17252,2500,199
2555,MintiQ - Sugar Free Mints,Sugar Free Mints - Farwest Spearmint [6-Pack],1,1,1,1,0,0,0,0,0,0,0,58,17008,1896,200
1541,NuGo Nutrition - Real Chocolate Protein Bars,Slim Bar - Brownie Crunch [12-Pack],1,0,1,1,0,0,0,0,1,0,0,17,16920,692,201
9660,Nutridom - Natural Supplements,Bee Propolis Premium Throat Spray,1,1,0,1,0,0,0,0,0,0,0,10,16696,1480,202
2987,GluteNull Bakery - Single Organic Bars in Trays,Organic Chia Goji Energy Bar [30-Pack],1,0,0,1,1,0,0,0,1,0,0,9,16668,300,203
6116,Anthony's Goods,Organic Coconut Milk Powder,1,1,0,1,1,0,0,1,0,0,0,15,16584,1436,204
725,Wild Tusker - Organic Spices,Organic Ceylon Cinnamon - Powder [12-Pack],1,1,0,1,1,1,0,0,0,0,0,26,16280,540,205
8177,Innate Superfruit Birch Water ,Superfruit Birch Water - Lemon Elderflower,1,0,0,1,1,0,0,0,0,0,0,61,16224,10172,206
6240U,Miracle Noodle - Ready-to-Eat Bone Broth Soup with Shirataki Noodles,Bone Broth - Chicken,1,1,0,1,0,0,0,0,0,0,0,32,16064,2496,207
114,Codeco Nutrition - Camu,Organic Camu Camu,1,1,0,1,1,0,0,0,0,0,0,10,15744,988,208
361,Flavorall - Alcohol-Free Liquid Stevia,Liquid Flavoured Stevia - Cherry Cherish,1,1,1,1,0,0,0,0,0,0,1,46,15452,2504,209
9773,"Hot Mamas - Low Sodium, Non-Irradiated Spices and Spice Rubs",Spice Mix - Smoky BBQ,1,1,1,1,0,1,0,0,0,0,0,18,15408,2216,210
3635,hOMe Grown Living Foods  - Keto U-Bake Cookie Mix,Keto U-Bake Cookie Mix - Pumpkin Spice,1,1,0,1,1,0,0,1,0,0,0,36,15352,2428,211
51,True Citrus - Crystallized Citrus,Shaker - True Lemon,1,1,1,1,0,0,0,1,0,0,0,45,15172,3056,212
2551,MintiQ - Sugar Free Mints,Sugar Free Mints - Spicy Cinnamon [6-Pack],1,1,1,1,0,0,0,0,0,0,0,52,15036,1688,213
903,HoldTheCarbs - Low Carb Protein Bake Mixes,Large Protein Almond Flour Muffin Mix,1,1,0,0,0,0,0,1,0,0,0,11,14856,1140,214
873,Rawnata - Raw Flax Crackers,Raw Flax Crackers - Italian [12-Pack],1,1,0,1,1,0,1,0,0,0,0,52,14716,716,215
713, The GFB - Bites,Coconut Cashew Crunch ,1,0,1,1,0,0,1,0,0,0,0,35,14708,3928,216
484,Nutridom - Natural Supplements,Marine Collagen Powder for Hair - Skin - Nails,0,1,0,0,0,0,0,0,0,0,0,13,14672,524,217
2174,Flavorall - Alcohol-Free Liquid Stevia,Liquid Flavoured Stevia - Crazy Coconut,1,1,1,1,0,0,0,0,0,0,1,47,14668,2388,218
1666,NuGo Nutrition - Real Chocolate Protein Bars,Dark Bar - Mocha Chocolate [12-Pack],1,0,1,1,0,0,0,0,1,0,0,18,14580,784,219
3632,hOMe Grown Living Foods  - Keto U-Bake Buns & Bread Mix,Keto U-Bake Buns & Bread Mix - Sunflower Chia,1,1,0,1,1,0,0,1,0,0,0,45,14548,2104,220
715, The GFB - Bites,Dark Chocolate Peanut Butter,1,0,1,1,0,0,1,0,0,0,0,41,14484,3828,221
359,Flavorall - Alcohol-Free Liquid Stevia,Liquid Flavoured Stevia - Peachy Peach,1,1,1,1,0,0,0,0,0,0,1,42,14468,2356,222
558,love good fats - Variety Packs of 12 Keto Bars,Plant Based Variety Pack [12-Pack],1,1,1,1,0,0,0,0,0,0,0,4,14384,752,223
2182,Flavorall - Alcohol-Free Liquid Stevia,Liquid Flavoured Stevia - Opulent Orange,1,1,1,1,0,0,0,0,0,0,1,40,14308,2328,224
874,Rawnata - Raw Flax Crackers,Raw Flax Crackers - Mexican Fiesta [12-Pack],1,1,0,1,1,0,1,0,0,0,0,47,14248,692,225
9775,"Hot Mamas - Low Sodium, Non-Irradiated Spices and Spice Rubs",Spice Mix - Ultimate Steak,1,1,1,1,0,1,0,0,0,0,0,17,14240,2040,226
7145,Nature's Pasta - Egg Pasta with Nature's Farm's Own Eggs,Organic Egg Pasta - Penne,0,0,1,1,1,0,0,0,0,0,0,25,14076,4276,227
6337,Codeco Nutrition - Freeze Dried Aronia Powders,Organic Aronia Freeze Dried Powder in Veg Caps.,1,1,0,1,1,0,0,0,0,0,0,8,14048,824,228
2170,Flavorall - Alcohol-Free Liquid Stevia,Liquid Flavoured Stevia - Amazing Almond,1,1,1,1,0,0,0,0,0,0,1,49,14024,2264,229
8175,Innate Superfruit Birch Water ,Superfruit Birch Water - Acai Cranberry ,1,0,0,1,1,0,0,0,0,0,0,66,13776,9064,230
726,Wild Tusker - Organic Spices,Organic Ceylon Cinnamon - Sticks  [12-Pack],1,1,0,1,1,1,0,0,0,0,0,14,13772,452,231
246,Snow Farms - Canadian-Grown Dried Fruit,Dried Tart Cherries,1,0,1,1,0,0,0,0,0,0,0,26,13768,3612,232
6157,Wild Tusker - Organic Coconut Products (Foodservice Size),Organic Virgin Coconut Oil,1,1,1,1,1,0,0,1,0,0,0,7,13716,108,233
6239U,Miracle Noodle - Ready-to-Eat Bone Broth Soup with Shirataki Noodles,Bone Broth - Beef,1,1,0,1,0,0,0,0,0,0,0,30,13708,2056,234
1939,Nutridom - Natural Supplements,Royal Jelly (1000mg),1,1,0,1,0,0,0,0,0,0,0,14,13608,756,235
1798,Moody Bee lip Balm,Lip Balm Vanilla & Peppermint,1,1,0,0,0,0,0,0,0,0,0,24,13580,6152,236
2937,Sinai Gourmet - Vinegar-Free Hot Pepper Coulis,Vinegar-Free Hot Pepper Coulis - Habanero,1,1,0,1,0,1,0,0,0,0,0,5,13456,2444,237
1540,NuGo Nutrition - Real Chocolate Protein Bars,Slim Bar - Roasted Peanut [12-Pack],1,0,1,1,0,0,0,0,1,0,0,10,12880,540,238
7148,Nature's Pasta - Egg Pasta with Nature's Farm's Own Eggs,Organic Egg Pasta - Papardelle ,0,0,1,1,0,0,0,0,0,0,0,22,12696,3868,239
360,Flavorall - Alcohol-Free Liquid Stevia,Liquid Flavoured Stevia - Mango Tango,1,1,1,1,0,0,0,0,0,0,1,39,12368,2000,240
2550,MintiQ - Sugar Free Mints,Sugar Free Mints - Breezy Blackberry [6-Pack],1,1,1,1,0,0,0,0,0,0,0,61,12256,1364,241
2168,Herbal Slim,Garcinia Cambogia 80% (1500mg),1,1,0,1,0,0,0,0,0,0,0,13,12240,680,242
9524,SugarLike - Zero Calorie Natural Sweeteners,Sweetener with Monk Fruit - Sticks,1,1,1,1,0,0,0,0,0,0,1,26,12188,2396,243
1070,Indigo - Products with Organic Coconut,Organic Unsweetened Shredded Coconut,1,1,0,1,1,0,0,1,0,0,0,23,12132,4388,244
3637,hOMe Grown Living Foods  - Keto U-Bake Veggie Burger Mix,Keto U-Bake Veggie Burgers - Sunflower Mushroom ,1,1,0,1,1,0,0,1,0,0,0,36,12108,1940,245
1849,Nutridom - Natural Supplements,Magnesium Bisglycinate 200,1,1,0,1,0,0,0,0,0,0,0,11,11952,664,246
6161,Wild Tusker - Organic Coconut Products (Foodservice Size),Organic Coconut Sugar,1,0,1,1,1,0,0,0,0,0,0,2,11868,100,247
2175,Flavorall - Alcohol-Free Liquid Stevia,Liquid Flavoured Stevia - Giggling Grape,1,1,1,1,0,0,0,0,0,0,1,40,11860,1932,248
3633,hOMe Grown Living Foods  - Keto U-Bake Buns & Bread Mix,Keto U-Bake Buns & Bread Mix - Pumpkin Chia ,1,1,0,1,1,0,0,1,0,0,0,28,11652,1512,249
2173,Flavorall - Alcohol-Free Liquid Stevia,Liquid Flavoured Stevia - Scintillating Cinnamon,1,1,1,1,0,0,0,0,0,0,1,35,11452,1868,250
2177,Flavorall - Alcohol-Free Liquid Stevia,Liquid Flavoured Stevia - Marvellous Mint,1,1,1,1,0,0,0,0,0,0,1,43,11372,1860,251
9845,Healthee - Shelf-Stable Turmeric Drinks,Organic Turmeric Drink - Sugar Free,1,1,0,1,1,0,0,0,0,0,0,35,11312,4492,252
3054,Quick N Yummy - Keto Cakemix | Order by Tray/Caddy,Mug Cake Mix - Apple Cinnamon [6-Pack],1,1,0,0,0,0,0,1,0,0,0,50,11144,1012,253
2198,The Garlic Box - Ontario Garlic Sauces and Condiments,Balsamic Vinegar with Garlic,0,1,0,1,0,1,0,0,0,0,0,25,11096,2064,254
2184,Flavorall - Alcohol-Free Liquid Stevia,Liquid Flavoured Stevia - Bubbly Blueberry,1,1,1,1,0,0,0,0,0,0,1,34,11024,1800,255
9846,Healthee - Shelf-Stable Turmeric Drinks,Organic Turmeric Drink - Cinnamon,1,0,0,1,1,0,0,0,0,0,0,32,10800,4288,256
2935,Sinai Gourmet - Vinegar-Free Hot Pepper Coulis,Vinegar-Free Hot Pepper Coulis - Jalapeno,1,1,0,1,0,1,0,0,0,0,0,6,10784,2236,257
2554,MintiQ - Sugar Free Mints,Sugar Free Mints - Cool Pomegranate [6-Pack],1,1,1,1,0,0,0,0,0,0,0,54,10772,1200,258
905,HoldTheCarbs - Low Carb Protein Bake Mixes,Large Protein Almond Flour Pizza Crust Mix,1,1,0,0,0,0,0,1,0,0,0,12,10760,800,259
3060,Quick N Yummy - Keto Cakemix | Order by Tray/Caddy,Mug Cake Mix - Cocoa Coconut [6-Pack],1,1,0,0,0,0,0,1,0,0,0,41,10656,964,260
626,Wild Tusker - Organic Spices,Organic Turmeric Powder,1,1,1,1,1,1,0,0,0,0,0,20,10624,2016,261
1962,OneEarth Functional Foods - Baking and Cooking Ingredients,Organic Coconut Flour,1,1,0,1,1,0,0,1,0,0,0,17,10376,2220,262
9847,Healthee - Shelf-Stable Turmeric Drinks,Organic Turmeric Drink - Original,1,0,0,1,1,0,0,0,0,0,0,29,10364,4152,263
875,Rawnata - Raw Flax Crackers,Raw Flax Crackers - Sunflower Sesame [12-Pack],1,1,0,1,1,0,1,0,0,0,0,43,10232,512,264
783,HoldTheCarbs - Low Carb Protein Bake Mixes,Small Protein Almond Flour Pizza Crust Mix,1,1,0,0,0,0,0,1,0,0,0,23,9880,2460,265
6126,Flavorall - Alcohol-Free Liquid Stevia,Liquid Flavoured Stevia - Cool Cotton Candy,1,1,1,1,0,0,0,0,0,0,1,25,9832,1584,266
9231,Indigo - Products with Organic Coconut,Organic Coconut Oil,1,1,0,1,1,0,0,0,0,0,0,21,9612,1920,267
1099U,Miracle Noodle - Konnyaku (Shirataki) Noodles,Shirataki Noodle - Capellini,1,1,1,1,0,0,0,0,0,0,0,18,9596,3720,268
556,love good fats - Boxes of 4 Keto Bars,Peanut Butter Chocolatey [4-Pack],1,1,1,1,0,0,0,0,0,0,0,14,9536,1352,269
872,Rawnata - Raw Flax Crackers,Raw Flax Crackers - Cinnamon Goji [12-Pack],1,1,0,1,1,0,1,0,0,0,0,36,9388,468,270
554,love good fats - Boxes of 4 Keto Bars,Mint Chocolate Chip [4-Pack],1,1,1,1,0,0,0,0,0,0,0,12,9348,1392,271
2553,MintiQ - Sugar Free Mints,Sugar Free Mints - Iced Lemon [6-Pack],1,1,1,1,0,0,0,0,0,0,0,52,9324,1044,272
9774,"Hot Mamas - Low Sodium, Non-Irradiated Spices and Spice Rubs",Spice Mix - South West,1,1,1,1,0,1,0,0,0,0,0,13,9156,1320,273
628,Wild Tusker - Organic Spices,Large Organic Ceylon Cinnamon - Sticks,1,1,0,1,1,1,0,0,0,0,0,10,8928,1944,274
1072,Indigo - Single Ingredient Dried Fruit,Organic Dried Mango,1,0,0,1,1,0,0,0,0,0,0,17,8916,2640,275
2933,Sinai Gourmet - Vinegar-Free Hot Pepper Coulis,Vinegar-Free Hot Pepper Coulis - Poblano,1,1,0,1,0,1,0,0,0,0,0,10,8868,1860,276
245,Snow Farms - Canadian-Grown Dried Fruit,Dried Blueberries,1,0,1,1,0,0,0,0,0,0,0,26,8848,2356,277
708, The GFB - Bars,Peanut Butter [12-Pack],1,0,1,1,0,0,0,0,1,0,0,19,8768,552,278
3052,Quick N Yummy - Keto Cakemix | Order by Tray/Caddy,Mug Cake Mix - Chocolate Lovers [6-Pack],1,1,0,0,0,0,0,1,0,0,0,49,8648,860,279
1075,Indigo - Products with Organic Coconut,Organic Banana Chips,1,0,0,1,1,0,0,0,0,0,0,19,8392,2504,280
2185,Flavorall - Alcohol-Free Liquid Stevia,Liquid Flavoured Stevia - Awesome Apple,1,1,1,1,0,0,0,0,0,0,1,34,8220,1340,281
52,True Citrus - Crystallized Citrus,Shaker - True Lime,1,1,1,1,0,0,0,1,0,0,0,36,8188,1644,282
704, The GFB - Bars,Dark Chocolate Coconut [12-Pack],1,0,1,1,0,0,0,0,1,0,0,19,8084,520,283
9772,"Hot Mamas - Low Sodium, Non-Irradiated Spices and Spice Rubs",Spice Mix - Island Jerk,1,1,1,1,0,1,0,0,0,0,0,17,8036,1148,284
396,"Mayacamas - Vegetarian, Gluten-Free Gravy Mixes",Vegetarian Brown Gravy Mix [12-Pack],1,1,0,0,0,1,0,0,0,0,0,37,8016,944,285
3636,hOMe Grown Living Foods  - Keto U-Bake Veggie Burger Mix,Keto U-Bake Veggie Burgers - Pumpkin Tumeric ,1,1,0,1,1,0,0,1,0,0,0,18,7748,1228,286
7146,Nature's Pasta - Egg Pasta with Nature's Farm's Own Eggs,Organic Egg Pasta - Orzo,0,0,1,1,1,0,0,0,0,0,0,16,7688,2332,287
1542,NuGo Nutrition - Real Chocolate Protein Bars,Slim Bar - Raspberry Truffle [12-Pack],1,0,1,1,0,0,0,0,1,0,0,14,7656,316,288
358,Flavorall - Alcohol-Free Liquid Stevia,Liquid Flavoured Stevia - Pineapple Pleasure,1,1,1,1,0,0,0,0,0,0,1,25,7652,1252,289
5627,Handfuel,Salted Caramel Cashews [12-Pack],1,0,0,1,0,0,0,0,0,1,0,33,7632,360,290
5189,Wild Tusker - Organic Coconut Products,Organic Coconut Milk Powder,1,1,0,1,1,0,0,1,0,0,0,29,7464,1744,291
2980,Krisda - Zero Sugar Sweeteners (Retail Size),Monk Fruit Packets,1,1,1,1,0,0,0,0,0,0,1,21,7460,1300,292
5621,Handfuel,Lemon Marcona Almonds [12-Pack],1,0,0,1,0,0,0,0,0,1,0,35,7440,352,293
5038,Ross - Chocolate Bars with Stevia,Dark Chocolate [12-Pack],1,1,0,0,0,0,0,0,0,0,0,21,7352,416,294
441,"Mayacamas - Vegetarian, Gluten-Free Gourmet Sauce Mixes",Hollandaise Sauce Mix [12-Pack],1,1,0,0,0,1,0,0,0,0,0,32,7308,644,295
2936,Sinai Gourmet - Vinegar-Free Hot Pepper Coulis,Vinegar-Free Hot Pepper Coulis - Jalapeno Maple,1,0,0,1,0,1,0,0,0,0,0,2,7224,1500,296
7147,Nature's Pasta - Egg Pasta with Nature's Farm's Own Eggs,Organic Egg Pasta - Spelt Macaroni,0,0,1,1,1,0,0,0,0,0,0,17,7084,3764,297
5625,Handfuel,Coconut Cashews [12-Pack],1,0,0,1,0,0,0,0,0,1,0,33,6840,320,298
702, The GFB - Bars,Chocolate Peanut Butter [12-Pack],1,0,1,1,0,0,0,0,1,0,0,21,6836,428,299
710, The GFB - Bars,Coconut Cashew Crunch Bar [12-Pack],1,0,1,1,0,0,0,0,1,0,0,17,6808,444,300
3050,Quick N Yummy - Keto Cakemix | Order by Tray/Caddy,Mug Cake Mix - Walnut Brownie [6-Pack],1,1,0,0,0,0,0,1,0,0,0,40,6784,628,301
2169,The Garlic Box - Ontario Garlic Sauces and Condiments,Horseradish Garlic Marinating Splash,0,1,0,0,0,1,0,0,0,0,0,15,6748,1832,302
714, The GFB - Bites,Peanut Butter & Jam,1,0,1,1,0,0,1,0,0,0,0,28,6664,1760,303
6637,New Cup4Cup Gluten Free Mixes,Multigrain Bread Mix,1,0,1,1,0,0,0,1,0,0,0,23,6596,996,304
438,NuGo Nutrition - Protein Cookies,Dark Chocolate Chip [12 Pack],1,0,0,1,0,0,1,0,0,0,0,22,6468,252,305
5631,Handfuel,Dry Roasted Himalayan Salted Pistachios [12-Pack],1,0,0,1,0,0,0,0,0,1,0,35,6424,304,306
6341,Codeco Nutrition - Maple Syrup,Organic Maple Syrup,1,0,0,1,1,0,0,0,0,0,0,19,6408,812,307
552,love good fats - Boxes of 4 Plant-Based Keto Bars,Peanut Butter and Jam [4-Pack],1,1,1,1,0,0,0,0,0,0,0,11,6272,836,308
8906,OneEarth Functional Foods - Baking and Cooking Ingredients,Organic Chia Seeds,1,1,0,1,1,0,0,0,0,0,0,15,6044,1240,309
6119,Anthony's Goods,Organic Cocoa Powder,1,1,0,1,1,0,0,1,0,0,0,9,6020,432,310
400,"Mayacamas - Vegetarian, Gluten-Free Pasta Sauce Mixes",Alfredo Sauce Mix [12-Pack],1,1,0,0,0,1,0,0,0,0,0,48,5956,440,311
706, The GFB - Bars,Cranberry Toasted Almond [12-Pack],1,0,1,1,0,0,0,0,1,0,0,19,5848,376,312
449,"Mayacamas - Vegetarian, Gluten-Free Gourmet Sauce Mixes",Taco Seasoning Mix [12-Pack],1,1,0,0,0,1,0,0,0,0,0,39,5796,500,313
6118,Anthony's Goods,Organic Cocoa Nibs,1,1,0,1,1,0,0,1,0,0,0,11,5788,328,314
555,love good fats - Boxes of 4 Keto Bars,Rich Chocolatey Almond [4-Pack],1,1,1,1,0,0,0,0,0,0,0,11,5656,836,315
1656,"Hot Mamas - Low Sodium, Non-Irradiated Spices and Spice Rubs",Zero Sodium Spice Rub - Cajun,1,1,1,0,0,1,0,0,0,0,0,10,5608,1396,316
1195,The Garlic Box - Ontario Garlic Seasonings,Potato Seasoning - Ultimate Garlic,0,1,0,1,0,1,0,0,0,0,0,13,5528,940,317
557,love good fats - Boxes of 4 Keto Bars,Coconut Chocolate Chip [4-Pack],1,1,1,1,0,0,0,0,0,0,0,10,5484,784,318
2280,Hot Mamas - Pepper Jellies,Zero Sodium Jelly - Spiced Apple Pepper,1,0,1,0,0,1,0,0,0,0,0,10,5340,1092,319
553,love good fats - Boxes of 4 Plant-Based Keto Bars,Chocolate Chip Cookie Dough [4-Pack],1,1,1,1,0,0,0,0,0,0,0,8,5304,756,320
6630,New Cup4Cup Gluten Free Mixes,Pancake & Waffle Mix,1,0,1,1,0,0,0,1,0,0,0,19,5196,824,321
1584,"Hot Mamas - Low Sodium, Non-Irradiated Spices and Spice Rubs",Zero Sodium Spice Rub - Jerk N Hot,1,1,1,0,0,1,0,0,0,0,0,7,5184,1292,322
966,HoldTheCarbs - Low Carb Protein Bake Mixes,Small Protein Almond Flour Muffin Mix,1,1,0,0,0,0,0,1,0,0,0,13,5088,1236,323
5036,Ross - Chocolate Bars with Stevia,Milk Chocolate [12-Pack],1,1,0,0,0,0,0,0,0,0,0,14,4804,276,324
6629,Cup4Cup Gluten Free Flour Blends,Wholesome Flour Blend,1,0,1,1,0,0,0,1,0,0,0,21,4748,784,325
624,Wild Tusker - Organic Coconut Products,Organic Coconut Sugar,1,0,0,1,1,0,0,1,0,0,0,15,4716,1124,326
394,"Mayacamas - Vegetarian, Gluten-Free Pasta Sauce Mixes",White Cheddar Cheese Sauce Mix [12-Pack],1,1,0,0,0,1,0,0,0,0,0,28,4588,352,327
393,"Mayacamas - Vegetarian, Gluten-Free Gravy Mixes",Vegetarian Savoury Herb Gravy Mix [12-Pack],1,1,0,0,0,1,0,0,0,0,0,19,4368,532,328
6154,Wild Tusker - Organic Coconut Products (Foodservice Size),Organic Coconut Flour,1,1,1,1,1,0,0,0,0,0,0,5,4196,132,329
782,HoldTheCarbs - Low Carb Protein Bake Mixes,Small Protein Almond Flour Pancake and Waffle Mix,1,1,0,0,0,0,0,1,0,0,0,15,4076,1580,330
1582,"Hot Mamas - Low Sodium, Non-Irradiated Spices and Spice Rubs",Zero Sodium Spice Rub - BBQ,1,1,1,0,0,1,0,0,0,0,0,11,4060,1008,331
6352,love good fats - Fats Shakes,Chocolate Milkshake [8-Pack],1,1,1,1,0,0,0,0,0,0,0,10,4000,200,332
244,Snow Farms - Canadian-Grown Dried Fruit,Dried Cranberries,1,0,1,1,0,0,0,0,0,0,0,65,3848,2428,333
6636,New Cup4Cup Gluten Free Mixes,Fried Chicken Mix,1,0,1,1,0,0,0,1,0,0,0,22,3796,788,334
5629,Handfuel,Raw Nuts and Wild Berries [12-Pack],1,0,0,1,0,0,0,0,0,1,0,26,3708,176,335
625,Wild Tusker - Organic Spices,Organic Moringa Powder,1,1,1,1,1,1,0,0,0,0,0,13,3588,700,336
6631,New Cup4Cup Gluten Free Mixes,Pizza Crust Mix,1,0,1,1,0,0,0,1,0,0,0,19,3416,728,337
2196,The Garlic Box - Ontario Garlic Seasonings,Sea Salt with Roasted Garlic,0,1,0,1,0,1,0,0,0,0,0,11,3392,644,338
8280,Sinai Gourmet - Vinegar-Free Hot Pepper Coulis,Vinegar-Free Hot Pepper Coulis - Ghost,1,1,0,1,0,1,0,0,0,0,0,4,3360,244,339
2972, The GFB - Bites,Dark Chocolate Almond,1,0,1,1,0,0,1,0,0,0,0,23,3296,880,340
6354,love good fats - Fats Shakes,Vanilla Milkshake [8-Pack],1,1,1,1,0,0,0,0,0,0,0,8,3288,168,341
3995,Tony Roma's BBQ Bites ,Tony Roma's BBQ Pork Bites - Carolina Honey,1,0,0,0,0,0,0,0,0,1,0,10,3240,720,342
117,True Citrus - Crystallized Citrus,Seasoning Shaker - Lime Garlic & Cilantro,1,1,1,1,0,0,0,1,0,0,0,12,3232,648,343
398,"Mayacamas - Vegetarian, Gluten-Free Pasta Sauce Mixes",Mushroom Sauce Mix [12-Pack],1,1,0,0,0,1,0,0,0,0,0,26,3220,240,344
6635,New Cup4Cup Gluten Free Mixes,Muffin Mix,1,0,1,1,0,0,0,1,0,0,0,18,3104,744,345
116,True Citrus - Crystallized Citrus,Seasoning Shaker - Lemon Pepper,1,1,1,1,0,0,0,1,0,0,0,13,3088,620,346
3996,Tony Roma's BBQ Bites ,Tony Roma's Pork Bites Original ,1,0,0,0,0,0,0,0,0,1,0,9,3024,672,347
1101,The Garlic Box - Ontario Garlic Seasonings,Sea Salt with Garlic Scapes,0,1,0,1,0,1,0,0,0,0,0,11,3000,592,348
772,Indigo - Products with Organic Coconut,Organic Coconut Sugar,1,0,0,1,1,0,0,0,0,0,1,9,2936,628,349
3994,Tony Roma's BBQ Bites ,Tony Roma's BBQ Chicken Bites - Buffalo,1,0,0,0,0,0,0,0,0,1,0,10,2808,624,350
2285,Greeniche Natural - Top Purity Stevia,Stevia Liquid,1,0,0,1,0,0,0,0,0,0,1,7,2784,432,351
1073,Indigo - Single Ingredient Dried Fruit,Organic Dried Papaya,1,0,0,1,1,0,0,0,0,0,0,14,2724,816,352
6632,New Cup4Cup Gluten Free Mixes,Chocolate Brownie Mix,1,0,1,1,0,0,0,1,0,0,0,18,2720,600,353
2973, The GFB - Bites,Peanut Butter,1,0,1,1,0,0,1,0,0,0,0,17,2688,720,354
5610,Handfuel,Large Pouch - Lemon Marcona Almonds,1,0,0,1,0,0,0,0,0,1,0,8,2472,484,355
6633,New Cup4Cup Gluten Free Mixes,Pie Crust Mix,1,0,1,1,0,0,0,1,0,0,0,15,2416,508,356
3056,Quick N Yummy - Keto Cakemix | Order by Tray/Caddy,Mug Cake Mix - Chocolate Chip Muffin [6-Pack],1,1,0,0,0,0,0,1,0,0,0,18,2392,240,357
5614,Handfuel,Large Pouch - Salted Caramel Cashews,1,0,0,1,0,0,0,0,0,1,0,9,2356,464,358
450,"Mayacamas - Vegetarian, Gluten-Free Pasta Sauce Mixes",Creamy Pesto Sauce Mix [12-Pack],1,1,0,0,0,1,0,0,0,0,0,19,2316,172,359
6128,Flavorall - Alcohol-Free Liquid Stevia,Liquid Flavoured Stevia - Classic Cardamom,1,1,1,1,0,0,0,0,0,0,1,12,2252,372,360
391,"Mayacamas - Vegetarian, Gluten-Free Gourmet Sauce Mixes",Demi Glace Sauce Mix [12-Pack],1,1,0,0,0,1,0,0,0,0,0,17,2216,212,361
5188,Snow Farms - Organic Flax Oil,Large Organic Flax Seed Oil,1,1,1,1,1,0,0,0,0,0,0,11,2212,360,362
B005,Blowholes - Eco-Friendly Paper Straws (Individually Wrapped),"Standard Straws - White, Individually Wrapped",0,1,0,0,0,0,0,0,0,0,0,25,2188,468,363
395,"Mayacamas - Vegetarian, Gluten-Free Gravy Mixes",Vegetarian Chicken Flavour Gravy Mix [12-Pack],1,1,0,0,0,1,0,0,0,0,0,30,2176,248,364
9245,Krisda - Zero Sugar Sweeteners (Retail Size),Stevia Packets,1,1,1,1,0,0,0,0,0,0,1,11,2140,376,365
6634,New Cup4Cup Gluten Free Mixes,Cornbread Mix,1,0,1,1,0,0,0,1,0,0,0,14,2072,496,366
118,True Citrus - Crystallized Citrus,Seasoning Shaker - Orange Ginger,1,1,1,1,0,0,0,1,0,0,0,11,2036,408,367
6129,Flavorall - Alcohol-Free Liquid Stevia,Liquid Flavoured Stevia - Royal Rose,1,1,1,1,0,0,0,0,0,0,1,11,2016,336,368
6160,Wild Tusker - Organic Coconut Products (Foodservice Size),Organic Coconut Milk Powder,1,1,1,1,1,0,0,0,0,0,0,2,1984,16,369
857,NuGo Nutrition - Egg White Protein Bars *New,Maple Pecan Bar [12 Pack],1,0,1,1,0,0,0,0,1,0,0,14,1968,76,370
2983,Krisda - Bulk Sweetener Packets (Foodservice Size),Bulk Monk Fruit Packets,1,1,1,1,0,0,0,0,0,0,1,12,1960,76,371
397,"Mayacamas - Vegetarian, Gluten-Free Gourmet Sauce Mixes",Bearnaise Sauce Mix [12-Pack],1,1,0,0,0,1,0,0,0,0,0,23,1944,168,372
399,"Mayacamas - Vegetarian, Gluten-Free Pasta Sauce Mixes",Pesto Sauce Mix [12-Pack],1,1,0,0,0,1,0,0,0,0,0,20,1888,140,373
439,NuGo Nutrition - Protein Cookies,Double Chocolate Chip [12 Pack],1,0,0,1,0,0,1,0,0,0,0,11,1852,80,374
724,Greeniche Natural - Other,Organic Moringa Powder,1,1,0,1,0,0,0,0,0,0,0,6,1848,128,375
1947,OneEarth Functional Foods - Baking and Cooking Ingredients,Organic Amaranth Flour,1,0,0,1,1,0,0,1,0,0,0,8,1844,424,376
392,"Mayacamas - Vegetarian, Gluten-Free Gravy Mixes",Vegetarian Turkey Flavour Gravy Mix [12-Pack],1,1,0,0,0,1,0,0,0,0,0,21,1840,208,377
8209,Herbal Slim,Garcinia Cambogia 70% (1500mg),1,1,0,1,0,0,0,0,0,0,0,2,1800,100,378
5233,Lanfala - Fonio,Lanfala Pre-cooked White Fonio,1,0,0,1,0,0,0,1,0,0,0,7,1760,316,379
3028,Guruji - Pure Ayurvedic Juices,Wheatgrass Juice,0,0,0,0,0,0,0,0,0,0,0,4,1712,308,380
6251,The Garlic Box - Ontario Garlic Seasonings,Epic Garlic Fry Salt,0,1,0,1,0,1,0,0,0,0,0,5,1644,288,381
1583,"Hot Mamas - Low Sodium, Non-Irradiated Spices and Spice Rubs",Zero Sodium Spice Rub - 5 Pepper Spice,1,1,1,0,0,1,0,0,0,0,0,8,1612,420,382
3025,Guruji - Pure Ayurvedic Juices,Aloe Vera Juice,0,0,0,0,0,0,0,0,0,0,0,4,1564,284,383
6156,Wild Tusker - Other Cooking and Baking Ingredients (Foodservice Size),Organic Sunflower Oil High Oleic (Bag in a Box),1,1,1,1,1,0,0,0,0,0,0,2,1556,20,384
440,NuGo Nutrition - Protein Cookies,Oatmeal Raisin Chip [12 Pack],1,0,0,1,0,0,1,0,0,0,0,10,1540,64,385
3024,Guruji - Pure Ayurvedic Juices,Fresh Raw Turmeric Rhizome Juice,0,0,0,0,0,0,0,0,0,0,0,4,1436,264,386
1074,Indigo - Single Ingredient Dried Fruit,Organic Dried Pineapple,1,0,0,1,1,0,0,0,0,0,0,8,1404,432,387
858,NuGo Nutrition - Egg White Protein Bars *New,Blueberry Bar [12 Pack],1,0,1,1,0,0,0,0,1,0,0,8,1352,52,388
7329,The Garlic Box - Ontario Garlic Seasonings,Seasoning - Smoked Garlic,0,1,0,1,0,1,0,0,0,0,0,5,1344,216,389
921,Greeniche - Other Natural Supplements,Plant Sourced Omega-3,1,1,1,0,0,0,0,0,0,0,0,3,1268,104,390
3027,Guruji - Pure Ayurvedic Juices,Amla (Indian Gooseberry) Juice,0,0,0,0,0,0,0,0,0,0,0,2,1260,240,391
3030,Guruji - Pure Ayurvedic Juices,Triphala Juice,0,0,0,0,0,0,0,0,0,0,0,3,1260,240,392
6127,Flavorall - Alcohol-Free Liquid Stevia,Liquid Flavoured Stevia - Succulent Saffron,1,1,1,1,0,0,0,0,0,0,1,8,1252,208,393
5618,Handfuel,Large Pouch - Dry Roasted Himalayan Salted Pistachios,1,0,0,1,0,0,0,0,0,1,0,3,1240,240,394
479,Greeniche - Mineral Supplements,Veg-Iron Vegan Iron Supplement,1,1,1,0,0,0,0,0,0,0,0,5,1176,184,395
8281,Sinai Gourmet - Vinegar-Free Hot Pepper Coulis,Vinegar-Free Hot Pepper Coulis - Reaper,1,1,0,1,0,1,0,0,0,0,0,3,952,72,396
6155,Wild Tusker - Organic Coconut Products (Foodservice Size),Organic Coconut Butter,1,1,1,1,1,0,0,1,0,0,0,2,944,8,397
3631,TreatSmart Whole Food Snacks,Vegan Cookies,1,0,0,0,0,0,0,0,0,1,0,4,868,288,398
3026,Guruji - Pure Ayurvedic Juices,Jamun (Indian Blackberry) Juice,0,0,0,0,0,0,0,0,0,0,0,1,840,160,399
5612,Handfuel,Large Pouch - Coconut Cashews,1,0,0,1,0,0,0,0,0,1,0,2,744,144,400
483,Greeniche - Multivitamins,Women's Over 50 Multivitamin,1,1,1,0,0,0,0,0,0,0,0,5,740,80,401
5381,NuGo Nutrition - Egg White Protein Bars *New,Dark Chocolate Bar [12 Pack],1,0,1,1,0,0,0,0,1,0,0,6,732,32,402
3623,TreatSmart Whole Food Snacks,"Peanut Butter, Chocolate Energy Bites Pouch",1,0,0,0,0,0,0,0,0,1,0,3,724,240,403
6163,Snow Farms - Canadian-Grown Dried Berries (Foodservice Size),Dried Blueberries,1,0,1,1,0,0,0,0,0,0,0,1,688,4,404
6164,Snow Farms - Canadian-Grown Dried Berries (Foodservice Size),Dried Tart Cherries,1,0,1,1,0,0,0,0,0,0,0,1,688,4,405
B006,Blowholes - Eco-Friendly Paper Straws (Individually Wrapped),"Standard Straws - Kraft, Individually Wrapped",0,1,0,0,0,0,0,0,0,0,0,9,668,124,406
1790,Greeniche - Vitamin D Supplements,Vitamin D with Calcium (1000IU/500IU),1,1,1,0,0,0,0,0,0,0,0,2,664,84,407
5187,Snow Farms - Organic Flax Oil,Small Organic Flax Seed Oil,1,1,1,1,1,0,0,0,0,0,0,4,648,152,408
5635,Fire in the Kitchen Spice Rubs | Order by Tray/Caddy,One Rub Seasoning Mix [12-Pack],1,1,0,0,0,1,0,0,0,0,0,2,640,8,409
5637,Fire in the Kitchen Spice Rubs | Order by Tray/Caddy,Fire Rub Seasoning Mix [12-Pack],1,1,0,0,0,1,0,0,0,0,0,2,640,8,410
5639,Fire in the Kitchen Spice Rubs | Order by Tray/Caddy,Just Steak Seasoning Mix [12-Pack],1,1,0,0,0,1,0,0,0,0,0,2,640,8,411
5382,NuGo Nutrition - Egg White Protein Bars *New,Peanut Butter Bar [12 Pack],1,0,1,1,0,0,0,0,1,0,0,5,624,24,412
6158,Wild Tusker - Other Cooking and Baking Ingredients (Foodservice Size),Organic Ceylon Cinnamon Powder,1,1,1,1,1,0,0,0,0,0,0,1,608,4,413
7330,The Garlic Box - Ontario Garlic Seasonings,Potato Seasoning - Garlic & Horseradish,0,1,0,0,0,1,0,0,0,0,0,5,608,108,414
478,Greeniche - Multivitamins,Women's Multivitamin,1,1,1,0,0,0,0,0,0,0,0,4,608,76,415
920,Greeniche - Other Natural Supplements,"Hair, Skin & Nails Synergistic Formula ",1,1,1,0,0,0,0,0,0,0,0,4,584,40,416
3627,TreatSmart Whole Food Snacks,Vegan Date Bites Pouch,1,0,0,1,0,0,0,0,0,1,0,2,580,192,417
2981,Krisda - Bulk Sweetener Packets (Foodservice Size),Bulk Stevia Packets,1,1,1,1,0,0,0,0,0,0,1,5,576,32,418
480,Greeniche - Other Natural Supplements,Vitamin B12 1000 mcg,1,1,1,0,0,0,0,0,0,0,0,3,576,72,419
476,Greeniche - Multivitamins,Men's Over 50 Multivitamin,1,1,1,0,0,0,0,0,0,0,0,4,576,72,420
6344,Snow Farms - Canadian-Grown Dried Fruit,Dried Cranberries with Raspberry Flavour,1,0,1,1,0,0,0,0,0,0,0,7,568,296,421
5616,Handfuel,Large Pouch - Raw Nuts and Wild Berries,1,0,0,1,0,0,0,0,0,1,0,5,536,112,422
1791,Greeniche - Multivitamins,Kids Chewable Multivitamin,1,1,1,0,0,0,0,0,0,0,0,4,440,56,423
B007,Blowholes - Eco-Friendly Paper Straws (Individually Wrapped),"Standard Straws - Originals, Individually Wrapped",0,1,0,0,0,0,0,0,0,0,0,10,416,136,424
B002,Blowholes - Eco-Friendly Paper Straws (Unwrapped),"Short Cocktail Straws - White, Unwrapped",0,1,0,0,0,0,0,0,0,0,0,1,416,80,425
1987,Greeniche - Other Natural Supplements,Joints Health Synergystic Formula,1,1,1,0,0,0,0,0,0,0,0,4,396,36,426
1793,Greeniche - Vitamin D Supplements,Vitamin D (1000IU),1,1,1,0,0,0,0,0,0,0,0,2,364,68,427
923,Greeniche Natural - Other,BonCare Unroasted Phoenix Dactylfera Seed Powder,1,1,0,1,0,0,0,0,0,0,0,1,360,20,428
723,Snow Farms - Canadian-Grown Dried Fruit,Dried Cranberries with Orange Flavour,1,0,1,1,0,0,0,0,0,0,0,7,356,188,429
3628,TreatSmart Grab n Go Bites | Order by Tray/Caddy,Vegan Date Bites [8-Pack],1,0,0,1,0,0,0,0,0,1,0,5,352,32,430
B008,Blowholes - Eco-Friendly Paper Straws (Individually Wrapped),"Long Milkshake Straws - White, Individually Wrapped",0,1,0,0,0,0,0,0,0,0,0,4,324,36,431
3649,Fire in the Kitchen Spice Rubs | Order by Tray/Caddy,Piri Piri Seasoning Mix [12-Pack],1,1,0,0,0,1,0,0,0,0,0,1,320,4,432
5643,Fire in the Kitchen Spice Rubs | Order by Tray/Caddy,Rib Rub Seasoning Mix [12-Pack],1,1,0,0,0,1,0,0,0,0,0,1,320,4,433
1794,Greeniche - Mineral Supplements,Coenzyme Q10 ,1,1,1,0,0,0,0,0,0,0,0,1,316,24,434
7152,Nature's Pasta - Egg Pasta with Nature's Farm's Own Eggs,Free-Run Egg Pasta - Spinach Fettuccine,0,0,1,1,1,0,0,0,0,0,0,1,312,92,435
1988,Greeniche - Multivitamins,Prenatal Multivitamin ,1,1,1,0,0,0,0,0,0,0,0,2,308,28,436
3624,TreatSmart Grab n Go Bites | Order by Tray/Caddy,"Peanut Butter, Chocolate Energy Bites [8-Pack]",1,0,0,0,0,0,0,0,0,1,0,5,308,28,437
3064, The GFB - Bars,Dark Chocolate Almond Bar [12-Pack],1,0,1,1,0,0,0,0,1,0,0,3,304,16,438
477,Greeniche - Multivitamins,Men's Multivitamin,1,1,1,0,0,0,0,0,0,0,0,3,304,40,439
3029,Guruji - Pure Ayurvedic Juices,"Lauki (Calabash, Bottle Gourd) Juice",0,0,0,0,0,0,0,0,0,0,0,1,288,80,440
2288,Herbal Slim,Garcinia Cambogia Detox (1000mg),1,1,0,1,0,0,0,0,0,0,0,1,240,12,441
2938,Sinai Gourmet - Vinegar-Free Hot Pepper Coulis,Vinegar-Free Hot Pepper Coulis - Habanero Maple,1,0,0,1,0,1,0,0,0,0,0,2,236,52,442
933,Greeniche - Mineral Supplements,Magnesium Chelate,1,1,1,0,0,0,0,0,0,0,0,1,216,24,443
B004,Blowholes - Eco-Friendly Paper Straws (Unwrapped),"Standard Straws - Kraft, Unwrapped",0,1,0,0,0,0,0,0,0,0,0,5,212,32,444
2934,Sinai Gourmet - Vinegar-Free Hot Pepper Coulis,Vinegar-Free Hot Pepper Coulis - Poblano Maple,1,0,0,1,0,1,0,0,0,0,0,2,176,52,445
B003,Blowholes - Eco-Friendly Paper Straws (Unwrapped),"Standard Straws - White, Unwrapped",0,1,0,0,0,0,0,0,0,0,0,2,172,24,446
61,Nutridom - Natural Supplements,Vitamin D3 (25 mcg),1,1,0,1,0,0,0,0,0,0,0,2,168,12,447
6343,Snow Farms - Canadian-Grown Dried Fruit,Dried Cranberries with Pomegranate Flavour,1,0,1,1,0,0,0,0,0,0,0,4,152,104,448
B009,Blowholes - Eco-Friendly Paper Straws (Individually Wrapped),"Thick Bubble Tea Straws - White, Individually Wrapped",0,1,0,0,0,0,0,0,0,0,0,4,132,20,449
481,Greeniche - Other Natural Supplements,VegeSlim Synergistic Weight Managment Aid ,1,1,1,0,0,0,0,0,0,0,0,1,96,4,450
934,Greeniche Natural - Other,Fiberight Dietary Fibre Supplement,1,1,1,1,0,0,0,0,0,0,0,1,44,4,451
B001,Blowholes - Eco-Friendly Paper Straws (Unwrapped),"Short Cocktail Straws - Black, Unwrapped",0,1,0,0,0,0,0,0,0,0,0,1,28,4,452